customerId,name
1,Albert Alice Debra
2,Albert Alice Sanchez
3,Albert Annie Gerald
4,Albert Anthony Alexander
5,Albert Anthony Jackson
6,Albert Anthony Wanda
7,Albert Bailey Stephen
8,Albert Baker Carlos
9,Albert Baker Jackson
10,Albert Baker Jacqueline
11,Albert Baker Jean
12,Albert Baker Nelson
13,Albert Brooks Ruth
14,Albert Brooks Thomas
15,Albert Chris Diaz
16,Albert Chris Nelson
17,Albert Christopher Allen
18,Albert Christopher Thomas
19,Albert Dorothy Amanda
20,Albert Dorothy Roberts
21,Albert Dorothy Wanda
22,Albert Edwards Harris
23,Albert Edwards Ralph
24,Albert Edwards Teresa
25,Albert Evans Jackson
26,Albert Evans Sanchez
27,Albert Hall Amanda
28,Albert Hall Harris
29,Albert Hall Thomas
30,Albert Hernandez Carter
31,Albert Hernandez Jackson
32,Albert Howard Carter
33,Albert Johnson Alexander
34,Albert Johnson Debra
35,Albert Julie Amanda
36,Albert Marilyn Sanchez
37,Albert Moore Allen
38,Albert Moore Carter
39,Albert Moore Jackson
40,Albert Moore Nelson
41,Albert Moore Thomas
42,Albert Murphy Eric
43,Albert Murphy Gerald
44,Albert Murphy Scott
45,Albert Perez Eric
46,Albert Perez Gerald
47,Albert Rachel Long
48,Albert Roger Carter
49,Albert Sara Jean
50,Albert Thomas Roberts
51,Barnes Alice Debra
52,Barnes Alice Thomas
53,Barnes Annie Amanda
54,Barnes Annie Jacqueline
55,Barnes Bailey Carter
56,Barnes Baker Joseph
57,Barnes Baker Stephen
58,Barnes Brooks Carter
59,Barnes Brooks Torres
60,Barnes Chris Raymond
61,Barnes Christopher Debra
62,Barnes Christopher Nelson
63,Barnes Christopher Teresa
64,Barnes Dorothy Scott
65,Barnes Edwards Carter
66,Barnes Edwards Jacqueline
67,Barnes Edwards Roberts
68,Barnes Evans Carter
69,Barnes Evans Torres
70,Barnes Hall Clark
71,Barnes Hall Joseph
72,Barnes Hernandez Clark
73,Barnes Hernandez Diaz
74,Barnes Hernandez Roberts
75,Barnes Hernandez Sanchez
76,Barnes Howard Allen
77,Barnes Howard Clark
78,Barnes Howard Ralph
79,Barnes Howard Stephen
80,Barnes Howard Teresa
81,Barnes Johnson Scott
82,Barnes Julie Jean
83,Barnes Julie Long
84,Barnes Moore Allen
85,Barnes Moore Joseph
86,Barnes Moore Nelson
87,Barnes Moore Torres
88,Barnes Murphy Amanda
89,Barnes Paula Carter
90,Barnes Paula Nelson
91,Barnes Perez Eric
92,Barnes Phillips Alexander
93,Barnes Phillips Allen
94,Barnes Phillips Thomas
95,Barnes Roger Carlos
96,Barnes Roger Diaz
97,Barnes Roger Ralph
98,Barnes Sara Eric
99,Barnes Sara Long
100,Barnes Sara Wanda
101,Barnes Thomas Ralph
102,Barnes Thomas Sanchez
103,Barnes Thompson Eric
104,Barnes Thompson Gerald
105,Barnes Thompson Jean
106,Barnes Thompson Roberts
107,Barnes Thompson Wanda
108,Bruce Alice Ruth
109,Bruce Alice Stephen
110,Bruce Anthony Teresa
111,Bruce Bailey Teresa
112,Bruce Baker Alexander
113,Bruce Baker Joseph
114,Bruce Brooks Thomas
115,Bruce Brooks Wanda
116,Bruce Chris Diaz
117,Bruce Chris Harris
118,Bruce Chris Thomas
119,Bruce Christopher Alexander
120,Bruce Christopher Joseph
121,Bruce Dorothy Ruth
122,Bruce Dorothy Sanchez
123,Bruce Dorothy Stephen
124,Bruce Edwards Carlos
125,Bruce Edwards Jean
126,Bruce Evans Joseph
127,Bruce Evans Long
128,Bruce Hernandez Raymond
129,Bruce Howard Jacqueline
130,Bruce Johnson Long
131,Bruce Julie Scott
132,Bruce Marilyn Amanda
133,Bruce Moore Jackson
134,Bruce Moore Sanchez
135,Bruce Moore Scott
136,Bruce Moore Thomas
137,Bruce Perez Jackson
138,Bruce Phillips Ralph
139,Bruce Phillips Raymond
140,Bruce Phillips Sanchez
141,Bruce Rachel Alexander
142,Bruce Rachel Joseph
143,Bruce Roger Debra
144,Bruce Roger Roberts
145,Bruce Sara Carter
146,Bruce Sara Wanda
147,Bruce Thomas Eric
148,Bruce Thomas Teresa
149,Bruce Thompson Allen
150,Bruce Thompson Harris
151,Butler Annie Clark
152,Butler Annie Harris
153,Butler Annie Sanchez
154,Butler Annie Thomas
155,Butler Annie Wanda
156,Butler Bailey Ruth
157,Butler Bailey Stephen
158,Butler Baker Raymond
159,Butler Christopher Torres
160,Butler Edwards Allen
161,Butler Hall Carlos
162,Butler Hernandez Amanda
163,Butler Howard Eric
164,Butler Johnson Alexander
165,Butler Johnson Gerald
166,Butler Julie Amanda
167,Butler Marilyn Alexander
168,Butler Marilyn Carlos
169,Butler Moore Amanda
170,Butler Murphy Jackson
171,Butler Murphy Sanchez
172,Butler Paula Eric
173,Butler Paula Jackson
174,Butler Perez Debra
175,Butler Perez Eric
176,Butler Perez Scott
177,Butler Perez Teresa
178,Butler Perez Thomas
179,Butler Perez Wanda
180,Butler Phillips Gerald
181,Butler Rachel Amanda
182,Butler Rachel Nelson
183,Butler Rachel Scott
184,Butler Roger Amanda
185,Butler Roger Eric
186,Butler Roger Jacqueline
187,Butler Thomas Carlos
188,Butler Thomas Stephen
189,Butler Thompson Alexander
190,Butler Thompson Carlos
191,Butler Thompson Clark
192,Butler Thompson Diaz
193,Campbell Alice Amanda
194,Campbell Alice Eric
195,Campbell Alice Roberts
196,Campbell Anthony Allen
197,Campbell Anthony Carlos
198,Campbell Anthony Debra
199,Campbell Anthony Joseph
200,Campbell Anthony Ralph
201,Campbell Anthony Ruth
202,Campbell Anthony Teresa
203,Campbell Bailey Nelson
204,Campbell Baker Torres
205,Campbell Brooks Carlos
206,Campbell Brooks Ruth
207,Campbell Chris Gerald
208,Campbell Chris Roberts
209,Campbell Christopher Amanda
210,Campbell Christopher Gerald
211,Campbell Christopher Scott
212,Campbell Dorothy Wanda
213,Campbell Edwards Jackson
214,Campbell Evans Harris
215,Campbell Evans Sanchez
216,Campbell Hall Amanda
217,Campbell Hall Ruth
218,Campbell Hernandez Allen
219,Campbell Hernandez Jacqueline
220,Campbell Hernandez Ralph
221,Campbell Howard Joseph
222,Campbell Johnson Ralph
223,Campbell Johnson Teresa
224,Campbell Julie Carlos
225,Campbell Julie Eric
226,Campbell Marilyn Jackson
227,Campbell Marilyn Jean
228,Campbell Marilyn Teresa
229,Campbell Moore Amanda
230,Campbell Moore Raymond
231,Campbell Moore Teresa
232,Campbell Paula Jackson
233,Campbell Paula Raymond
234,Campbell Perez Wanda
235,Campbell Phillips Jackson
236,Campbell Phillips Joseph
237,Campbell Phillips Nelson
238,Campbell Rachel Gerald
239,Campbell Rachel Long
240,Campbell Roger Scott
241,Campbell Roger Wanda
242,Campbell Thomas Diaz
243,Campbell Thompson Eric
244,Carolyn Alice Gerald
245,Carolyn Alice Jackson
246,Carolyn Alice Teresa
247,Carolyn Alice Wanda
248,Carolyn Annie Alexander
249,Carolyn Anthony Debra
250,Carolyn Anthony Scott
251,Carolyn Baker Jackson
252,Carolyn Brooks Raymond
253,Carolyn Brooks Torres
254,Carolyn Chris Carlos
255,Carolyn Chris Jacqueline
256,Carolyn Christopher Alexander
257,Carolyn Christopher Carlos
258,Carolyn Christopher Eric
259,Carolyn Christopher Joseph
260,Carolyn Dorothy Raymond
261,Carolyn Edwards Clark
262,Carolyn Evans Allen
263,Carolyn Evans Harris
264,Carolyn Evans Jacqueline
265,Carolyn Evans Roberts
266,Carolyn Hall Joseph
267,Carolyn Hall Raymond
268,Carolyn Hernandez Debra
269,Carolyn Hernandez Long
270,Carolyn Hernandez Ralph
271,Carolyn Julie Allen
272,Carolyn Julie Clark
273,Carolyn Julie Gerald
274,Carolyn Julie Joseph
275,Carolyn Julie Ralph
276,Carolyn Marilyn Allen
277,Carolyn Marilyn Raymond
278,Carolyn Marilyn Ruth
279,Carolyn Marilyn Teresa
280,Carolyn Moore Diaz
281,Carolyn Murphy Gerald
282,Carolyn Murphy Nelson
283,Carolyn Paula Amanda
284,Carolyn Paula Roberts
285,Carolyn Paula Wanda
286,Carolyn Perez Harris
287,Carolyn Rachel Allen
288,Carolyn Rachel Raymond
289,Carolyn Rachel Wanda
290,Carolyn Roger Allen
291,Carolyn Roger Amanda
292,Carolyn Sara Alexander
293,Carolyn Sara Scott
294,Carolyn Sara Thomas
295,Carolyn Thomas Jacqueline
296,Carolyn Thompson Nelson
297,Carolyn Thompson Roberts
298,Cook Alice Harris
299,Cook Alice Jackson
300,Cook Alice Long
301,Cook Alice Raymond
302,Cook Alice Torres
303,Cook Annie Ralph
304,Cook Anthony Allen
305,Cook Anthony Nelson
306,Cook Anthony Wanda
307,Cook Bailey Clark
308,Cook Baker Raymond
309,Cook Baker Stephen
310,Cook Brooks Nelson
311,Cook Brooks Teresa
312,Cook Brooks Thomas
313,Cook Brooks Wanda
314,Cook Chris Diaz
315,Cook Chris Ralph
316,Cook Chris Roberts
317,Cook Chris Teresa
318,Cook Christopher Jacqueline
319,Cook Christopher Joseph
320,Cook Christopher Raymond
321,Cook Dorothy Carlos
322,Cook Dorothy Roberts
323,Cook Edwards Carter
324,Cook Evans Clark
325,Cook Evans Eric
326,Cook Evans Ralph
327,Cook Evans Scott
328,Cook Howard Allen
329,Cook Howard Gerald
330,Cook Howard Teresa
331,Cook Johnson Gerald
332,Cook Johnson Long
333,Cook Johnson Thomas
334,Cook Julie Jean
335,Cook Julie Sanchez
336,Cook Marilyn Debra
337,Cook Marilyn Long
338,Cook Moore Stephen
339,Cook Murphy Harris
340,Cook Murphy Jackson
341,Cook Murphy Nelson
342,Cook Paula Jean
343,Cook Perez Ralph
344,Cook Perez Roberts
345,Cook Perez Torres
346,Cook Perez Wanda
347,Cook Phillips Jacqueline
348,Cook Phillips Teresa
349,Cook Rachel Carlos
350,Cook Rachel Ruth
351,Cook Rachel Stephen
352,Cook Rachel Thomas
353,Cook Roger Ralph
354,Cook Roger Thomas
355,Cook Sara Debra
356,Cook Sara Eric
357,Cook Sara Wanda
358,Cook Thomas Thomas
359,Cook Thompson Long
360,Cook Thompson Stephen
361,Cook Thompson Teresa
362,Ernest Alice Amanda
363,Ernest Anthony Carter
364,Ernest Anthony Nelson
365,Ernest Anthony Ruth
366,Ernest Anthony Sanchez
367,Ernest Anthony Wanda
368,Ernest Bailey Gerald
369,Ernest Bailey Scott
370,Ernest Baker Amanda
371,Ernest Baker Carlos
372,Ernest Baker Eric
373,Ernest Baker Ralph
374,Ernest Baker Stephen
375,Ernest Brooks Allen
376,Ernest Brooks Amanda
377,Ernest Chris Clark
378,Ernest Chris Joseph
379,Ernest Chris Stephen
380,Ernest Chris Wanda
381,Ernest Christopher Long
382,Ernest Christopher Ralph
383,Ernest Dorothy Harris
384,Ernest Hall Diaz
385,Ernest Hall Ralph
386,Ernest Hernandez Eric
387,Ernest Howard Jackson
388,Ernest Howard Joseph
389,Ernest Howard Long
390,Ernest Johnson Raymond
391,Ernest Julie Jacqueline
392,Ernest Julie Ralph
393,Ernest Julie Sanchez
394,Ernest Julie Stephen
395,Ernest Julie Teresa
396,Ernest Julie Wanda
397,Ernest Marilyn Harris
398,Ernest Moore Allen
399,Ernest Murphy Allen
400,Ernest Murphy Diaz
401,Ernest Paula Nelson
402,Ernest Perez Carlos
403,Ernest Perez Carter
404,Ernest Perez Diaz
405,Ernest Phillips Alexander
406,Ernest Phillips Roberts
407,Ernest Rachel Jacqueline
408,Ernest Rachel Torres
409,Ernest Rachel Wanda
410,Ernest Roger Clark
411,Ernest Roger Eric
412,Ernest Roger Stephen
413,Ernest Roger Wanda
414,Ernest Sara Nelson
415,Ernest Sara Scott
416,Ernest Sara Thomas
417,Ernest Thomas Jean
418,Ernest Thompson Ruth
419,Frank Alice Amanda
420,Frank Alice Roberts
421,Frank Alice Teresa
422,Frank Annie Harris
423,Frank Annie Roberts
424,Frank Anthony Scott
425,Frank Bailey Jackson
426,Frank Bailey Joseph
427,Frank Bailey Nelson
428,Frank Bailey Sanchez
429,Frank Chris Amanda
430,Frank Chris Carlos
431,Frank Dorothy Alexander
432,Frank Dorothy Eric
433,Frank Edwards Carlos
434,Frank Edwards Clark
435,Frank Edwards Ralph
436,Frank Evans Roberts
437,Frank Hall Carlos
438,Frank Hall Debra
439,Frank Hall Teresa
440,Frank Hernandez Alexander
441,Frank Hernandez Joseph
442,Frank Hernandez Roberts
443,Frank Howard Debra
444,Frank Howard Stephen
445,Frank Howard Teresa
446,Frank Johnson Stephen
447,Frank Julie Jean
448,Frank Julie Joseph
449,Frank Julie Scott
450,Frank Marilyn Scott
451,Frank Marilyn Wanda
452,Frank Moore Allen
453,Frank Moore Diaz
454,Frank Moore Thomas
455,Frank Murphy Long
456,Frank Murphy Torres
457,Frank Paula Carlos
458,Frank Paula Eric
459,Frank Paula Nelson
460,Frank Paula Ralph
461,Frank Paula Raymond
462,Frank Paula Scott
463,Frank Paula Torres
464,Frank Perez Scott
465,Frank Phillips Allen
466,Frank Phillips Diaz
467,Frank Phillips Jackson
468,Frank Phillips Ruth
469,Frank Rachel Jean
470,Frank Rachel Torres
471,Frank Rachel Wanda
472,Frank Roger Amanda
473,Frank Roger Nelson
474,Frank Sara Gerald
475,Frank Thomas Jacqueline
476,Frank Thompson Jackson
477,Harry Alice Long
478,Harry Alice Nelson
479,Harry Annie Harris
480,Harry Annie Nelson
481,Harry Annie Ralph
482,Harry Baker Carter
483,Harry Baker Clark
484,Harry Brooks Alexander
485,Harry Brooks Roberts
486,Harry Chris Jackson
487,Harry Chris Long
488,Harry Chris Thomas
489,Harry Dorothy Ralph
490,Harry Dorothy Roberts
491,Harry Dorothy Wanda
492,Harry Edwards Carlos
493,Harry Edwards Thomas
494,Harry Evans Ralph
495,Harry Evans Raymond
496,Harry Hall Debra
497,Harry Hernandez Long
498,Harry Hernandez Ralph
499,Harry Hernandez Stephen
500,Harry Hernandez Teresa
501,Harry Howard Jacqueline
502,Harry Johnson Diaz
503,Harry Johnson Jean
504,Harry Julie Gerald
505,Harry Julie Torres
506,Harry Marilyn Thomas
507,Harry Moore Teresa
508,Harry Murphy Alexander
509,Harry Murphy Gerald
510,Harry Paula Harris
511,Harry Paula Jackson
512,Harry Paula Jacqueline
513,Harry Paula Ruth
514,Harry Paula Torres
515,Harry Phillips Allen
516,Harry Phillips Gerald
517,Harry Phillips Nelson
518,Harry Rachel Ralph
519,Harry Roger Diaz
520,Harry Roger Harris
521,Harry Roger Jackson
522,Harry Sara Alexander
523,Harry Sara Gerald
524,Harry Sara Roberts
525,Harry Thompson Carlos
526,Harry Thompson Scott
527,Henry Alice Eric
528,Henry Annie Eric
529,Henry Annie Jackson
530,Henry Anthony Debra
531,Henry Anthony Long
532,Henry Anthony Nelson
533,Henry Bailey Diaz
534,Henry Bailey Raymond
535,Henry Brooks Alexander
536,Henry Brooks Nelson
537,Henry Brooks Teresa
538,Henry Chris Alexander
539,Henry Chris Harris
540,Henry Chris Sanchez
541,Henry Dorothy Joseph
542,Henry Dorothy Thomas
543,Henry Edwards Ralph
544,Henry Evans Diaz
545,Henry Evans Ruth
546,Henry Hall Ralph
547,Henry Hall Ruth
548,Henry Hall Thomas
549,Henry Hernandez Eric
550,Henry Hernandez Joseph
551,Henry Howard Carlos
552,Henry Johnson Jackson
553,Henry Johnson Stephen
554,Henry Julie Allen
555,Henry Marilyn Diaz
556,Henry Marilyn Long
557,Henry Moore Amanda
558,Henry Moore Torres
559,Henry Murphy Long
560,Henry Murphy Thomas
561,Henry Paula Carlos
562,Henry Paula Debra
563,Henry Paula Ralph
564,Henry Perez Stephen
565,Henry Phillips Eric
566,Henry Phillips Long
567,Henry Phillips Scott
568,Henry Phillips Teresa
569,Henry Rachel Diaz
570,Henry Rachel Roberts
571,Henry Rachel Sanchez
572,Henry Rachel Stephen
573,Henry Roger Alexander
574,Henry Roger Debra
575,Henry Roger Harris
576,Henry Roger Scott
577,Henry Roger Torres
578,Henry Sara Raymond
579,Henry Thomas Clark
580,Henry Thomas Jackson
581,Henry Thomas Long
582,Henry Thompson Allen
583,Henry Thompson Eric
584,Jesse Alice Harris
585,Jesse Alice Thomas
586,Jesse Alice Wanda
587,Jesse Annie Jacqueline
588,Jesse Annie Nelson
589,Jesse Annie Teresa
590,Jesse Annie Torres
591,Jesse Anthony Debra
592,Jesse Anthony Teresa
593,Jesse Bailey Raymond
594,Jesse Bailey Stephen
595,Jesse Bailey Wanda
596,Jesse Baker Ruth
597,Jesse Brooks Raymond
598,Jesse Chris Teresa
599,Jesse Christopher Jacqueline
600,Jesse Christopher Wanda
601,Jesse Dorothy Roberts
602,Jesse Edwards Ralph
603,Jesse Edwards Sanchez
604,Jesse Evans Joseph
605,Jesse Evans Wanda
606,Jesse Hernandez Raymond
607,Jesse Howard Jacqueline
608,Jesse Howard Jean
609,Jesse Howard Sanchez
610,Jesse Julie Eric
611,Jesse Marilyn Carlos
612,Jesse Marilyn Eric
613,Jesse Marilyn Nelson
614,Jesse Moore Joseph
615,Jesse Moore Torres
616,Jesse Murphy Allen
617,Jesse Murphy Amanda
618,Jesse Murphy Carlos
619,Jesse Murphy Harris
620,Jesse Murphy Nelson
621,Jesse Murphy Ralph
622,Jesse Murphy Ruth
623,Jesse Perez Clark
624,Jesse Perez Eric
625,Jesse Perez Harris
626,Jesse Phillips Harris
627,Jesse Phillips Jackson
628,Jesse Phillips Jean
629,Jesse Phillips Torres
630,Jesse Rachel Jacqueline
631,Jesse Rachel Long
632,Jesse Rachel Wanda
633,Jesse Roger Gerald
634,Jesse Sara Raymond
635,Jesse Sara Scott
636,Jesse Sara Wanda
637,Jesse Thomas Clark
638,Jesse Thomas Sanchez
639,Jesse Thompson Long
640,Jesse Thompson Roberts
641,Jesse Thompson Wanda
642,Larry Annie Torres
643,Larry Anthony Carlos
644,Larry Anthony Carter
645,Larry Anthony Diaz
646,Larry Baker Clark
647,Larry Baker Stephen
648,Larry Baker Thomas
649,Larry Chris Debra
650,Larry Chris Jackson
651,Larry Christopher Alexander
652,Larry Dorothy Ruth
653,Larry Dorothy Thomas
654,Larry Edwards Clark
655,Larry Edwards Long
656,Larry Evans Nelson
657,Larry Hall Carter
658,Larry Hall Jacqueline
659,Larry Hall Long
660,Larry Hall Wanda
661,Larry Hernandez Joseph
662,Larry Hernandez Ralph
663,Larry Howard Diaz
664,Larry Howard Ralph
665,Larry Howard Ruth
666,Larry Johnson Roberts
667,Larry Julie Debra
668,Larry Julie Sanchez
669,Larry Marilyn Allen
670,Larry Marilyn Wanda
671,Larry Moore Long
672,Larry Moore Raymond
673,Larry Murphy Torres
674,Larry Perez Diaz
675,Larry Phillips Amanda
676,Larry Phillips Sanchez
677,Larry Phillips Stephen
678,Larry Rachel Gerald
679,Larry Rachel Scott
680,Larry Roger Eric
681,Larry Roger Nelson
682,Larry Sara Clark
683,Larry Sara Jean
684,Larry Sara Joseph
685,Larry Thomas Gerald
686,Larry Thompson Carter
687,Larry Thompson Ruth
688,Lois Alice Debra
689,Lois Alice Thomas
690,Lois Alice Torres
691,Lois Annie Eric
692,Lois Annie Jacqueline
693,Lois Anthony Harris
694,Lois Anthony Sanchez
695,Lois Bailey Stephen
696,Lois Bailey Thomas
697,Lois Baker Gerald
698,Lois Baker Jacqueline
699,Lois Baker Torres
700,Lois Brooks Jackson
701,Lois Brooks Jacqueline
702,Lois Chris Nelson
703,Lois Chris Thomas
704,Lois Dorothy Nelson
705,Lois Edwards Raymond
706,Lois Edwards Sanchez
707,Lois Evans Eric
708,Lois Evans Long
709,Lois Evans Ralph
710,Lois Hernandez Allen
711,Lois Hernandez Amanda
712,Lois Hernandez Diaz
713,Lois Hernandez Jacqueline
714,Lois Hernandez Torres
715,Lois Howard Allen
716,Lois Howard Thomas
717,Lois Julie Jackson
718,Lois Julie Stephen
719,Lois Marilyn Harris
720,Lois Marilyn Ruth
721,Lois Moore Stephen
722,Lois Murphy Debra
723,Lois Murphy Nelson
724,Lois Murphy Wanda
725,Lois Paula Jean
726,Lois Perez Sanchez
727,Lois Phillips Gerald
728,Lois Phillips Ruth
729,Lois Roger Jacqueline
730,Lois Sara Eric
731,Lois Sara Jackson
732,Lois Sara Joseph
733,Lois Sara Ruth
734,Lois Sara Stephen
735,Lois Thomas Eric
736,Lois Thomas Jackson
737,Lois Thomas Nelson
738,Lois Thomas Raymond
739,Lois Thompson Nelson
740,Lois Thompson Ralph
741,Michelle Annie Eric
742,Michelle Annie Scott
743,Michelle Annie Thomas
744,Michelle Anthony Jacqueline
745,Michelle Anthony Ruth
746,Michelle Bailey Joseph
747,Michelle Baker Ruth
748,Michelle Brooks Clark
749,Michelle Brooks Teresa
750,Michelle Chris Alexander
751,Michelle Chris Clark
752,Michelle Chris Ralph
753,Michelle Christopher Eric
754,Michelle Dorothy Jackson
755,Michelle Dorothy Jacqueline
756,Michelle Dorothy Nelson
757,Michelle Edwards Carter
758,Michelle Edwards Diaz
759,Michelle Edwards Thomas
760,Michelle Evans Carter
761,Michelle Evans Ruth
762,Michelle Evans Scott
763,Michelle Evans Stephen
764,Michelle Hall Ralph
765,Michelle Hall Sanchez
766,Michelle Hernandez Stephen
767,Michelle Johnson Long
768,Michelle Julie Alexander
769,Michelle Marilyn Carter
770,Michelle Marilyn Gerald
771,Michelle Moore Carter
772,Michelle Moore Long
773,Michelle Perez Carlos
774,Michelle Perez Jackson
775,Michelle Perez Long
776,Michelle Perez Nelson
777,Michelle Perez Wanda
778,Michelle Phillips Alexander
779,Michelle Phillips Carter
780,Michelle Rachel Jackson
781,Michelle Rachel Jean
782,Michelle Roger Amanda
783,Michelle Roger Joseph
784,Michelle Sara Harris
785,Michelle Sara Long
786,Michelle Sara Teresa
787,Michelle Thompson Allen
788,Michelle Thompson Joseph
789,Michelle Thompson Ralph
790,Michelle Thompson Teresa
791,Morgan Alice Jacqueline
792,Morgan Alice Wanda
793,Morgan Annie Stephen
794,Morgan Annie Torres
795,Morgan Anthony Allen
796,Morgan Anthony Jackson
797,Morgan Anthony Raymond
798,Morgan Bailey Carlos
799,Morgan Bailey Harris
800,Morgan Bailey Roberts
801,Morgan Bailey Teresa
802,Morgan Brooks Ruth
803,Morgan Chris Carlos
804,Morgan Chris Jackson
805,Morgan Chris Torres
806,Morgan Christopher Debra
807,Morgan Dorothy Alexander
808,Morgan Dorothy Torres
809,Morgan Edwards Alexander
810,Morgan Evans Thomas
811,Morgan Hall Clark
812,Morgan Hall Harris
813,Morgan Hall Ruth
814,Morgan Hernandez Allen
815,Morgan Hernandez Jacqueline
816,Morgan Hernandez Nelson
817,Morgan Howard Gerald
818,Morgan Howard Harris
819,Morgan Howard Jacqueline
820,Morgan Howard Roberts
821,Morgan Howard Sanchez
822,Morgan Johnson Eric
823,Morgan Johnson Ruth
824,Morgan Marilyn Jean
825,Morgan Marilyn Torres
826,Morgan Moore Jacqueline
827,Morgan Moore Jean
828,Morgan Moore Raymond
829,Morgan Murphy Eric
830,Morgan Murphy Ralph
831,Morgan Murphy Sanchez
832,Morgan Paula Allen
833,Morgan Paula Clark
834,Morgan Paula Diaz
835,Morgan Paula Joseph
836,Morgan Paula Torres
837,Morgan Perez Jackson
838,Morgan Perez Jacqueline
839,Morgan Perez Stephen
840,Morgan Rachel Amanda
841,Morgan Rachel Nelson
842,Morgan Rachel Raymond
843,Morgan Rachel Sanchez
844,Morgan Sara Teresa
845,Morgan Thompson Alexander
846,Patterson Alice Carter
847,Patterson Alice Jacqueline
848,Patterson Annie Harris
849,Patterson Anthony Gerald
850,Patterson Bailey Jean
851,Patterson Bailey Nelson
852,Patterson Bailey Ralph
853,Patterson Baker Sanchez
854,Patterson Brooks Nelson
855,Patterson Chris Carter
856,Patterson Chris Debra
857,Patterson Chris Jacqueline
858,Patterson Christopher Carter
859,Patterson Christopher Diaz
860,Patterson Christopher Nelson
861,Patterson Christopher Ruth
862,Patterson Christopher Torres
863,Patterson Dorothy Gerald
864,Patterson Edwards Harris
865,Patterson Edwards Thomas
866,Patterson Evans Alexander
867,Patterson Evans Diaz
868,Patterson Evans Wanda
869,Patterson Hall Debra
870,Patterson Hall Long
871,Patterson Hall Stephen
872,Patterson Hernandez Amanda
873,Patterson Hernandez Carter
874,Patterson Hernandez Ralph
875,Patterson Hernandez Scott
876,Patterson Howard Raymond
877,Patterson Howard Teresa
878,Patterson Howard Thomas
879,Patterson Johnson Jackson
880,Patterson Johnson Ruth
881,Patterson Johnson Scott
882,Patterson Johnson Wanda
883,Patterson Julie Scott
884,Patterson Moore Joseph
885,Patterson Moore Wanda
886,Patterson Murphy Nelson
887,Patterson Murphy Sanchez
888,Patterson Murphy Stephen
889,Patterson Paula Clark
890,Patterson Paula Debra
891,Patterson Paula Wanda
892,Patterson Perez Wanda
893,Patterson Phillips Debra
894,Patterson Phillips Thomas
895,Patterson Roger Debra
896,Patterson Roger Diaz
897,Patterson Roger Joseph
898,Patterson Roger Roberts
899,Patterson Roger Scott
900,Patterson Sara Diaz
901,Patterson Sara Ruth
902,Patterson Sara Teresa
903,Patterson Thomas Gerald
904,Patterson Thompson Amanda
905,Patterson Thompson Ralph
906,Patterson Thompson Stephen
907,Perry Alice Diaz
908,Perry Annie Debra
909,Perry Annie Sanchez
910,Perry Anthony Alexander
911,Perry Anthony Diaz
912,Perry Anthony Teresa
913,Perry Bailey Gerald
914,Perry Bailey Long
915,Perry Brooks Debra
916,Perry Brooks Jackson
917,Perry Chris Wanda
918,Perry Christopher Eric
919,Perry Dorothy Gerald
920,Perry Dorothy Jacqueline
921,Perry Dorothy Ralph
922,Perry Dorothy Roberts
923,Perry Dorothy Sanchez
924,Perry Hall Roberts
925,Perry Howard Debra
926,Perry Howard Joseph
927,Perry Howard Wanda
928,Perry Johnson Torres
929,Perry Julie Diaz
930,Perry Julie Harris
931,Perry Marilyn Allen
932,Perry Marilyn Jacqueline
933,Perry Marilyn Sanchez
934,Perry Moore Roberts
935,Perry Moore Sanchez
936,Perry Moore Thomas
937,Perry Paula Carlos
938,Perry Paula Carter
939,Perry Paula Diaz
940,Perry Phillips Debra
941,Perry Phillips Gerald
942,Perry Phillips Jackson
943,Perry Sara Long
944,Perry Thomas Allen
945,Perry Thomas Clark
946,Perry Thomas Debra
947,Perry Thomas Long
948,Perry Thomas Roberts
949,Perry Thomas Ruth
950,Perry Thompson Amanda
951,Perry Thompson Raymond
952,Perry Thompson Thomas
953,Perry Thompson Wanda
954,Randy Alice Scott
955,Randy Annie Jacqueline
956,Randy Annie Teresa
957,Randy Annie Thomas
958,Randy Anthony Clark
959,Randy Anthony Raymond
960,Randy Anthony Ruth
961,Randy Bailey Eric
962,Randy Bailey Wanda
963,Randy Baker Amanda
964,Randy Baker Diaz
965,Randy Baker Gerald
966,Randy Baker Jackson
967,Randy Baker Jean
968,Randy Baker Sanchez
969,Randy Baker Thomas
970,Randy Brooks Amanda
971,Randy Chris Amanda
972,Randy Chris Ruth
973,Randy Chris Scott
974,Randy Christopher Allen
975,Randy Christopher Carlos
976,Randy Edwards Clark
977,Randy Edwards Stephen
978,Randy Evans Alexander
979,Randy Evans Eric
980,Randy Evans Scott
981,Randy Evans Stephen
982,Randy Hall Long
983,Randy Hall Ralph
984,Randy Hall Roberts
985,Randy Hall Stephen
986,Randy Howard Carlos
987,Randy Howard Jackson
988,Randy Howard Roberts
989,Randy Howard Ruth
990,Randy Johnson Wanda
991,Randy Julie Allen
992,Randy Julie Nelson
993,Randy Julie Ruth
994,Randy Julie Scott
995,Randy Marilyn Diaz
996,Randy Marilyn Jackson
997,Randy Marilyn Long
998,Randy Moore Ralph
999,Randy Moore Torres
1000,Randy Murphy Clark
